rootId:ID,root,transliteration,:LABEL
1,سمو,smw,Root
2,رحم,rHm,Root
3,حمد,Hmd,Root
4,ربب,rbb,Root
5,علم,Elm,Root
6,ملك,mlk,Root
7,يوم,ywm,Root
8,دين,dyn,Root
9,عبد,Ebd,Root
10,عون,Ewn,Root
11,هدي,hdy,Root
12,صرط,SrT,Root
13,قوم,qwm,Root
14,نعم,nEm,Root
15,غير,gyr,Root
16,غضب,gDb,Root
17,ضلل,Dll,Root
18,كتب,ktb,Root
19,ريب,ryb,Root
20,وقي,wqy,Root
21,امن,Amn,Root
22,غيب,gyb,Root
23,صلو,Slw,Root
24,رزق,rzq,Root
25,نفق,nfq,Root
26,نزل,nzl,Root
27,قبل,qbl,Root
28,اخر,Axr,Root
29,يقن,yqn,Root
30,فلح,flH,Root
31,كفر,kfr,Root
32,سوي,swy,Root
33,نذر,npr,Root
34,ختم,xtm,Root
35,قلب,qlb,Root
36,سمع,smE,Root
37,بصر,bSr,Root
38,غشو,g$w,Root
39,عذب,Epb,Root
40,عظم,EZm,Root
41,نوس,nws,Root
42,قول,qwl,Root
43,خدع,xdE,Root
44,نفس,nfs,Root
45,شعر,$Er,Root
46,مرض,mrD,Root
47,زيد,zyd,Root
48,الم,Alm,Root
49,كون,kwn,Root
50,كذب,kpb,Root
51,فسد,fsd,Root
52,ارض,ArD,Root
53,صلح,SlH,Root
54,سفه,sfh,Root
55,لقي,lqy,Root
56,خلو,xlw,Root
57,شطن,$Tn,Root
58,هزا,hzA,Root
59,مدد,mdd,Root
60,طغي,Tgy,Root
61,عمه,Emh,Root
62,شري,$ry,Root
63,ربح,rbH,Root
64,تجر,tjr,Root
65,مثل,mvl,Root
66,وقد,wqd,Root
67,نور,nwr,Root
68,ضوا,DwA,Root
69,حول,Hwl,Root
70,ذهب,phb,Root
71,ترك,trk,Root
72,ظلم,Zlm,Root
73,صمم,Smm,Root
74,بكم,bkm,Root
75,عمي,Emy,Root
76,رجع,rjE,Root
77,صوب,Swb,Root
78,رعد,rEd,Root
79,برق,brq,Root
80,جعل,jEl,Root
81,صبع,SbE,Root
82,اذن,Apn,Root
83,صعق,SEq,Root
84,حذر,Hpr,Root
85,موت,mwt,Root
86,حوط,HwT,Root
87,كود,kwd,Root
88,خطف,xTf,Root
89,كلل,kll,Root
90,مشي,m$y,Root
91,شيا,$yA,Root
92,قدر,qdr,Root
93,خلق,xlq,Root
94,فرش,fr$,Root
95,بني,bny,Root
96,موه,mwh,Root
97,خرج,xrj,Root
98,ثمر,vmr,Root
99,ندد,ndd,Root
100,اتي,Aty,Root
101,سور,swr,Root
102,دعو,dEw,Root
103,شهد,$hd,Root
104,دون,dwn,Root
105,صدق,Sdq,Root
106,فعل,fEl,Root
107,حجر,Hjr,Root
108,عدد,Edd,Root
109,بشر,b$r,Root
110,عمل,Eml,Root
111,جنن,jnn,Root
112,جري,jry,Root
113,تحت,tHt,Root
114,نهر,nhr,Root
115,شبه,$bh,Root
116,زوج,zwj,Root
117,طهر,Thr,Root
118,خلد,xld,Root
119,حيي,Hyy,Root
120,ضرب,Drb,Root
121,بعض,bED,Root
122,فوق,fwq,Root
123,حقق,Hqq,Root
124,رود,rwd,Root
125,كثر,kvr,Root
126,فسق,fsq,Root
127,نقض,nqD,Root
128,عهد,Ehd,Root
129,بعد,bEd,Root
130,وثق,wvq,Root
131,قطع,qTE,Root
132,امر,Amr,Root
133,وصل,wSl,Root
134,خسر,xsr,Root
135,كيف,kyf,Root
136,جمع,jmE,Root
137,سبع,sbE,Root
138,خلف,xlf,Root
139,سفك,sfk,Root
140,دمو,dmw,Root
141,سبح,sbH,Root
142,قدس,qds,Root
143,عرض,ErD,Root
144,نبا,nbA,Root
145,حكم,Hkm,Root
146,بدو,bdw,Root
147,كتم,ktm,Root
148,سجد,sjd,Root
149,ابي,Aby,Root
150,كبر,kbr,Root
151,سكن,skn,Root
152,اكل,Akl,Root
153,رغد,rgd,Root
154,حيث,Hyv,Root
155,قرب,qrb,Root
156,شجر,$jr,Root
157,زلل,zll,Root
158,هبط,hbT,Root
159,عدو,Edw,Root
160,قرر,qrr,Root
161,متع,mtE,Root
162,حين,Hyn,Root
163,كلم,klm,Root
164,توب,twb,Root
165,تبع,tbE,Root
166,خوف,xwf,Root
167,حزن,Hzn,Root
168,ايي,Ayy,Root
169,صحب,SHb,Root
170,ذكر,pkr,Root
171,وفي,wfy,Root
172,رهب,rhb,Root
173,اول,Awl,Root
174,ثمن,vmn,Root
175,قلل,qll,Root
176,لبس,lbs,Root
177,بطل,bTl,Root
178,زكو,zkw,Root
179,ركع,rkE,Root
180,برر,brr,Root
181,نسي,nsy,Root
182,تلو,tlw,Root
183,عقل,Eql,Root
184,صبر,Sbr,Root
185,خشع,x$E,Root
186,ظنن,Znn,Root
187,فضل,fDl,Root
188,جزي,jzy,Root
189,شفع,$fE,Root
190,اخذ,Axp,Root
191,عدل,Edl,Root
192,نصر,nSr,Root
193,نجو,njw,Root
194,سوم,swm,Root
195,سوا,swA,Root
196,ذبح,pbH,Root
197,نسو,nsw,Root
198,بلو,blw,Root
199,فرق,frq,Root
200,بحر,bHr,Root
201,غرق,grq,Root
202,نظر,nZr,Root
203,وعد,wEd,Root
204,ربع,rbE,Root
205,ليل,lyl,Root
206,عجل,Ejl,Root
207,عفو,Efw,Root
208,شكر,$kr,Root
209,برا,brA,Root
210,قتل,qtl,Root
211,خير,xyr,Root
212,عند,End,Root
213,راي,rAy,Root
214,جهر,jhr,Root
215,بعث,bEv,Root
216,ظلل,Zll,Root
217,غمم,gmm,Root
218,منن,mnn,Root
219,سلو,slw,Root
220,طيب,Tyb,Root
221,دخل,dxl,Root
222,قري,qry,Root
223,بوب,bwb,Root
224,حطط,HTT,Root
225,غفر,gfr,Root
226,خطا,xTA,Root
227,حسن,Hsn,Root
228,بدل,bdl,Root
229,رجز,rjz,Root
230,سقي,sqy,Root
231,عصو,ESw,Root
232,فجر,fjr,Root
233,ثني,vny,Root
234,عشر,E$r,Root
235,عين,Eyn,Root
236,انس,Ans,Root
237,شرب,$rb,Root
238,عثو,Evw,Root
239,طعم,TEm,Root
240,وحد,wHd,Root
241,نبت,nbt,Root
242,بقل,bql,Root
243,قثا,qvA,Root
244,فوم,fwm,Root
245,عدس,Eds,Root
246,بصل,bSl,Root
247,دنو,dnw,Root
248,مصر,mSr,Root
249,سال,sAl,Root
250,ذلل,pll,Root
251,بوا,bwA,Root
252,عصي,ESy,Root
253,هود,hwd,Root
254,صبا,SbA,Root
255,اجر,Ajr,Root
256,رفع,rfE,Root
257,طور,Twr,Root
258,قوي,qwy,Root
259,ولي,wly,Root
260,سبت,sbt,Root
261,قرد,qrd,Root
262,خسا,xsA,Root
263,نكل,nkl,Root
264,بين,byn,Root
265,يدي,ydy,Root
266,وعظ,wEZ,Root
267,بقر,bqr,Root
268,عوذ,Ewp,Root
269,جهل,jhl,Root
270,فرض,frD,Root
271,بكر,bkr,Root
272,لون,lwn,Root
273,صفر,Sfr,Root
274,فقع,fqE,Root
275,سرر,srr,Root
276,ثور,vwr,Root
277,حرث,Hrv,Root
278,سلم,slm,Root
279,وشي,w$y,Root
280,جيا,jyA,Root
281,درا,drA,Root
282,قسو,qsw,Root
283,شدد,$dd,Root
284,شقق,$qq,Root
285,خشي,x$y,Root
286,غفل,gfl,Root
287,طمع,TmE,Root
288,حرف,Hrf,Root
289,حدث,Hdv,Root
290,فتح,ftH,Root
291,حجج,Hjj,Root
292,علن,Eln,Root
293,امم,Amm,Root
294,مني,mny,Root
295,كسب,ksb,Root
296,مسس,mss,Root
297,ولد,wld,Root
298,يتم,ytm,Root
299,دور,dwr,Root
300,ظهر,Zhr,Root
301,اثم,Avm,Root
302,اسر,Asr,Root
303,فدي,fdy,Root
304,حرم,Hrm,Root
305,خزي,xzy,Root
306,ردد,rdd,Root
307,خفف,xff,Root
308,قفو,qfw,Root
309,رسل,rsl,Root
310,ايد,Ayd,Root
311,روح,rwH,Root
312,هوي,hwy,Root
313,غلف,glf,Root
314,لعن,lEn,Root
315,عرف,Erf,Root
316,باس,bAs,Root
317,بغي,bgy,Root
318,هون,hwn,Root
319,وري,wry,Root
320,خلص,xlS,Root
321,ابد,Abd,Root
322,قدم,qdm,Root
323,وجد,wjd,Root
324,حرص,HrS,Root
325,شرك,$rk,Root
326,ودد,wdd,Root
327,احد,AHd,Root
328,عمر,Emr,Root
329,الف,Alf,Root
330,سنو,snw,Root
331,زحزح,zHzH,Root
332,نبذ,nbp,Root
333,سحر,sHr,Root
334,فتن,ftn,Root
335,مرا,mrA,Root
336,ضرر,Drr,Root
337,نفع,nfE,Root
338,ثوب,vwb,Root
339,رعي,rEy,Root
340,اهل,Ahl,Root
341,خصص,xSS,Root
342,نسخ,nsx,Root
343,سبل,sbl,Root
344,حسد,Hsd,Root
345,صفح,SfH,Root
346,هات,hAt,Root
347,برهن,brhn,Root
348,وجه,wjh,Root
349,ليس,lys,Root
350,منع,mnE,Root
351,سعي,sEy,Root
352,خرب,xrb,Root
353,شرق,$rq,Root
354,غرب,grb,Root
355,وسع,wsE,Root
356,قنت,qnt,Root
357,بدع,bdE,Root
358,قضي,qDy,Root
359,جحم,jHm,Root
360,رضو,rDw,Root
361,ملل,mll,Root
362,تمم,tmm,Root
363,ذرر,prr,Root
364,نيل,nyl,Root
365,بيت,byt,Root
366,طوف,Twf,Root
367,عكف,Ekf,Root
368,بلد,bld,Root
369,صير,Syr,Root
370,قعد,qEd,Root
371,نسك,nsk,Root
372,عزز,Ezz,Root
373,رغب,rgb,Root
374,صفو,Sfw,Root
375,وصي,wSy,Root
376,حضر,HDr,Root
377,اله,Alh,Root
378,ابو,Abw,Root
379,حنف,Hnf,Root
380,سبط,sbT,Root
381,كفي,kfy,Root
382,صبغ,Sbg,Root
383,وسط,wsT,Root
384,عقب,Eqb,Root
385,ضيع,DyE,Root
386,راف,rAf,Root
387,شطر,$Tr,Root
388,مري,mry,Root
389,سبق,sbq,Root
390,جوع,jwE,Root
391,نقص,nqS,Root
392,مول,mwl,Root
393,جنح,jnH,Root
394,طوع,TwE,Root
395,فلك,flk,Root
396,بثث,bvv,Root
397,دبب,dbb,Root
398,صرف,Srf,Root
399,سحب,sHb,Root
400,سخر,sxr,Root
401,حبب,Hbb,Root
402,سبب,sbb,Root
403,كرر,krr,Root
404,حسر,Hsr,Root
405,حلل,Hll,Root
406,خطو,xTw,Root
407,فحش,fH$,Root
408,لفو,lfw,Root
409,لحم,lHm,Root
410,خنزر,xnzr,Root
411,هلل,hll,Root
412,بطن,bTn,Root
413,رقب,rqb,Root
414,قصص,qSS,Root
415,حرر,Hrr,Root
416,انث,Anv,Root
417,اخو,Axw,Root
418,ادي,Ady,Root
419,لبب,lbb,Root
420,جنف,jnf,Root
421,صوم,Swm,Root
422,سفر,sfr,Root
423,طوق,Twq,Root
424,شهر,$hr,Root
425,قرا,qrA,Root
426,يسر,ysr,Root
427,عسر,Esr,Root
428,كمل,kml,Root
429,جوب,jwb,Root
430,رشد,r$d,Root
431,رفث,rfv,Root
432,خون,xwn,Root
433,خيط,xyT,Root
434,بيض,byD,Root
435,سود,swd,Root
436,حدد,Hdd,Root
437,دلو,dlw,Root
438,وقت,wqt,Root
439,ثقف,vqf,Root
440,نهي,nhy,Root
441,هلك,hlk,Root
442,حصر,HSr,Root
443,حلق,Hlq,Root
444,راس,rAs,Root
445,بلغ,blg,Root
446,اذي,Apy,Root
447,ثلث,vlv,Root
448,جدل,jdl,Root
449,زود,zwd,Root
450,فيض,fyD,Root
451,نصب,nSb,Root
452,سرع,srE,Root
453,حسب,Hsb,Root
454,حشر,H$r,Root
455,عجب,Ejb,Root
456,لدد,ldd,Root
457,خصم,xSm,Root
458,نسل,nsl,Root
459,مهد,mhd,Root
460,كفف,kff,Root
461,زين,zyn,Root
462,زلزل,zlzl,Root
463,كره,krh,Root
464,عسي,Esy,Root
465,شرر,$rr,Root
466,صدد,Sdd,Root
467,زيل,zyl,Root
468,حبط,HbT,Root
469,هجر,hjr,Root
470,جهد,jhd,Root
471,رجو,rjw,Root
472,خمر,xmr,Root
473,فكر,fkr,Root
474,خلط,xlT,Root
475,عنت,Ent,Root
476,نكح,nkH,Root
477,امو,Amw,Root
478,حيض,HyD,Root
479,عزل,Ezl,Root
480,اني,Any,Root
481,يمن,ymn,Root
482,لغو,lgw,Root
483,حلم,Hlm,Root
484,الو,Alw,Root
485,ربص,rbS,Root
486,فيا,fyA,Root
487,عزم,Ezm,Root
488,طلق,Tlq,Root
489,بعل,bEl,Root
490,رجل,rjl,Root
491,درج,drj,Root
492,مرر,mrr,Root
493,مسك,msk,Root
494,سرح,srH,Root
495,اجل,Ajl,Root
496,عضل,EDl,Root
497,رضع,rDE,Root
498,كسو,ksw,Root
499,كلف,klf,Root
500,ورث,wrv,Root
501,فصل,fSl,Root
502,شور,$wr,Root
503,وذر,wpr,Root
504,خبر,xbr,Root
505,خطب,xTb,Root
506,كنن,knn,Root
507,عقد,Eqd,Root
508,قتر,qtr,Root
509,نصف,nSf,Root
510,حفظ,HfZ,Root
511,ركب,rkb,Root
512,قرض,qrD,Root
513,ضعف,DEf,Root
514,قبض,qbD,Root
515,بسط,bsT,Root
516,ملا,mlA,Root
517,جسم,jsm,Root
518,بقي,bqy,Root
519,حمل,Hml,Root
520,جند,jnd,Root
521,غرف,grf,Root
522,جوز,jwz,Root
523,فاي,fAy,Root
524,غلب,glb,Root
525,برز,brz,Root
526,فرغ,frg,Root
527,ثبت,vbt,Root
528,هزم,hzm,Root
529,دفع,dfE,Root
530,بيع,byE,Root
531,خلل,xll,Root
532,وسن,wsn,Root
533,نوم,nwm,Root
534,كرس,krs,Root
535,اود,Awd,Root
536,علو,Elw,Root
537,غوي,gwy,Root
538,عرو,Erw,Root
539,فصم,fSm,Root
540,شمس,$ms,Root
541,بهت,bht,Root
542,خوي,xwy,Root
543,عرش,Er$,Root
544,ماي,mAy,Root
545,عوم,Ewm,Root
546,لبث,lbv,Root
547,سنه,snh,Root
548,حمر,Hmr,Root
549,نشز,n$z,Root
550,طمن,Tmn,Root
551,طير,Tyr,Root
552,صور,Swr,Root
553,جبل,jbl,Root
554,جزا,jzA,Root
555,سنبل,snbl,Root
556,غني,gny,Root
557,ترب,trb,Root
558,وبل,wbl,Root
559,صلد,Sld,Root
560,ربو,rbw,Root
561,طلل,Tll,Root
562,نخل,nxl,Root
563,عنب,Enb,Root
564,عصر,ESr,Root
565,حرق,Hrq,Root
566,يمم,ymm,Root
567,خبث,xbv,Root
568,غمض,gmD,Root
569,فقر,fqr,Root
570,خفي,xfy,Root
571,عفف,Eff,Root
572,لحف,lHf,Root
573,خبط,xbT,Root
574,سلف,slf,Root
575,عود,Ewd,Root
576,محق,mHq,Root
577,حرب,Hrb,Root
578,بخس,bxs,Root
579,سام,sAm,Root
580,صغر,Sgr,Root
581,قسط,qsT,Root
582,رهن,rhn,Root
583,اصر,ASr,Root
584,نقم,nqm,Root
585,زيغ,zyg,Root
586,رسخ,rsx,Root
587,وهب,whb,Root
588,لدن,ldn,Root
589,داب,dAb,Root
590,ذنب,pnb,Root
591,عبر,Ebr,Root
592,شهو,$hw,Root
593,قنطر,qnTr,Root
594,فضض,fDD,Root
595,خيل,xyl,Root
596,اوب,Awb,Root
597,غرر,grr,Root
598,فري,fry,Root
599,نزع,nzE,Root
600,ولج,wlj,Root
601,صدر,Sdr,Root
602,امد,Amd,Root
603,وضع,wDE,Root
604,رجم,rjm,Root
605,كفل,kfl,Root
606,ندو,ndw,Root
607,غلم,glm,Root
608,عقر,Eqr,Root
609,رمز,rmz,Root
610,عشو,E$w,Root
611,وحي,wHy,Root
612,قلم,qlm,Root
613,كهل,khl,Root
614,طين,Tyn,Root
615,هيا,hyA,Root
616,نفخ,nfx,Root
617,كمه,kmh,Root
618,برص,brS,Root
619,ذخر,pxr,Root
620,حسس,Hss,Root
621,حور,Hwr,Root
622,مكر,mkr,Root
623,بهل,bhl,Root
624,دنر,dnr,Root
625,دوم,dwm,Root
626,لوي,lwy,Root
627,لسن,lsn,Root
628,درس,drs,Root
629,برك,brk,Root
630,عوج,Ewj,Root
631,عصم,ESm,Root
632,حبل,Hbl,Root
633,صبح,SbH,Root
634,شفو,$fw,Root
635,حفر,Hfr,Root
636,نقذ,nqp,Root
637,نكر,nkr,Root
638,ذوق,pwq,Root
639,دبر,dbr,Root
640,صرر,Srr,Root
641,خبل,xbl,Root
642,بغض,bgD,Root
643,فوه,fwh,Root
644,عضض,EDD,Root
645,نمل,nml,Root
646,غيظ,gyZ,Root
647,فرح,frH,Root
648,كيد,kyd,Root
649,غدو,gdw,Root
650,همم,hmm,Root
651,فشل,f$l,Root
652,وكل,wkl,Root
653,فور,fwr,Root
654,خمس,xms,Root
655,طرف,Trf,Root
656,كبت,kbt,Root
657,خيب,xyb,Root
658,كظم,kZm,Root
659,سنن,snn,Root
660,سير,syr,Root
661,وهن,whn,Root
662,قرح,qrH,Root
663,دول,dwl,Root
664,محص,mHS,Root
665,كين,kyn,Root
666,سرف,srf,Root
667,رعب,rEb,Root
668,سلط,slT,Root
669,اوي,Awy,Root
670,ثوي,vwy,Root
671,صعد,SEd,Root
672,فوت,fwt,Root
673,نعس,nEs,Root
674,ضجع,DjE,Root
675,غزو,gzw,Root
676,لين,lyn,Root
677,فظظ,fZZ,Root
678,غلظ,glZ,Root
679,خذل,xpl,Root
680,غلل,gll,Root
681,سخط,sxT,Root
682,لحق,lHq,Root
683,حظظ,HZZ,Root
684,ملو,mlw,Root
685,ميز,myz,Root
686,طلع,TlE,Root
687,جبي,jby,Root
688,بخل,bxl,Root
689,زبر,zbr,Root
690,فوز,fwz,Root
691,جنب,jnb,Root
692,ربط,rbT,Root
693,حوب,Hwb,Root
694,عول,Ewl,Root
695,نحل,nHl,Root
696,هنا,hnA,Root
697,بدر,bdr,Root
698,قسم,qsm,Root
699,سدد,sdd,Root
700,صلي,Sly,Root
701,سعر,sEr,Root
702,سدس,sds,Root
703,دري,dry,Root
704,عتد,Etd,Root
705,فضو,fDw,Root
706,مقت,mqt,Root
707,عمم,Emm,Root
708,خول,xwl,Root
709,صلب,Slb,Root
710,حصن,HSn,Root
711,سفح,sfH,Root
712,طول,Twl,Root
713,فتي,fty,Root
714,خدن,xdn,Root
715,ميل,myl,Root
716,كرم,krm,Root
717,وفق,wfq,Root
718,جور,jwr,Root
719,فخر,fxr,Root
720,قرن,qrn,Root
721,ثقل,vql,Root
722,سكر,skr,Root
723,غسل,gsl,Root
724,غوط,gwT,Root
725,لمس,lms,Root
726,مسح,msH,Root
727,طعن,TEn,Root
728,طمس,Tms,Root
729,فتل,ftl,Root
730,جبت,jbt,Root
731,نقر,nqr,Root
732,نضج,nDj,Root
733,جلد,jld,Root
734,زعم,zEm,Root
735,حلف,Hlf,Root
736,حرج,Hrj,Root
737,رفق,rfq,Root
738,نفر,nfr,Root
739,ثبي,vby,Root
740,بطا,bTA,Root
741,درك,drk,Root
742,برج,brj,Root
743,شيد,$yd,Root
744,فقه,fqh,Root
745,ذيع,pyE,Root
746,نبط,nbT,Root
747,حرض,HrD,Root
748,قوت,qwt,Root
749,ركس,rks,Root
750,ودي,wdy,Root
751,عمد,Emd,Root
752,غنم,gnm,Root
753,رغم,rgm,Root
754,وقع,wqE,Root
755,سلح,slH,Root
756,مطر,mTr,Root
757,رمي,rmy,Root
758,مرد,mrd,Root
759,بتك,btk,Root
760,حيص,HyS,Root
761,شحح,$HH,Root
762,علق,Elq,Root
763,خوض,xwD,Root
764,حوذ,Hwp,Root
765,كسل,ksl,Root
766,ذبذب,pbpb,Root
767,سفل,sfl,Root
768,طبع,TbE,Root
769,شكك,$kk,Root
770,طرق,Trq,Root
771,غلو,glw,Root
772,نكف,nkf,Root
773,بهم,bhm,Root
774,صيد,Syd,Root
775,قلد,qld,Root
776,جرم,jrm,Root
777,شنا,$nA,Root
778,خنق,xnq,Root
779,وقذ,wqp,Root
780,ردي,rdy,Root
781,نطح,nTH,Root
782,ذكو,pkw,Root
783,زلم,zlm,Root
784,ياس,yAs,Root
785,خمص,xmS,Root
786,جرح,jrH,Root
787,كلب,klb,Root
788,كعب,kEb,Root
789,نقب,nqb,Root
790,عزر,Ezr,Root
791,غرو,grw,Root
792,صنع,SnE,Root
793,فتر,ftr,Root
794,جبر,jbr,Root
795,تيه,tyh,Root
796,اسو,Asw,Root
797,بحث,bHv,Root
798,عجز,Ejz,Root
799,ندم,ndm,Root
800,نفي,nfy,Root
801,وسل,wsl,Root
802,سرق,srq,Root
803,سحت,sHt,Root
804,حبر,Hbr,Root
805,انف,Anf,Root
806,اثر,Avr,Root
807,همن,hmn,Root
808,شرع,$rE,Root
809,نهج,nhj,Root
810,لوم,lwm,Root
811,حزب,Hzb,Root
812,لعب,lEb,Root
813,طفا,TfA,Root
814,قصد,qSd,Root
815,افك,Afk,Root
816,قسس,qss,Root
817,دمع,dmE,Root
818,رجس,rjs,Root
819,رمح,rmH,Root
820,سيب,syb,Root
821,حمي,Hmy,Root
822,حبس,Hbs,Root
823,عثر,Evr,Root
824,ميد,myd,Root
825,مكن,mkn,Root
826,درر,drr,Root
827,نشا,n$A,Root
828,قرطس,qrTs,Root
829,حيق,Hyq,Root
830,فطر,fTr,Root
831,كشف,k$f,Root
832,قهر,qhr,Root
833,وقر,wqr,Root
834,سطر,sTr,Root
835,ناي,nAy,Root
836,وقف,wqf,Root
837,سوع,swE,Root
838,بغت,bgt,Root
839,فرط,frT,Root
840,وزر,wzr,Root
841,لهو,lhw,Root
842,جحد,jHd,Root
843,ضرع,DrE,Root
844,بلس,bls,Root
845,صدف,Sdf,Root
846,خزن,xzn,Root
847,طرد,Trd,Root
848,سقط,sqT,Root
849,ورق,wrq,Root
850,رطب,rTb,Root
851,يبس,ybs,Root
852,كرب,krb,Root
853,شيع,$yE,Root
854,بسل,bsl,Root
855,حمم,Hmm,Root
856,حير,Hyr,Root
857,صنم,Snm,Root
858,كوكب,kwkb,Root
859,افل,Afl,Root
860,قمر,qmr,Root
861,بزغ,bzg,Root
862,قدو,qdw,Root
863,غمر,gmr,Root
864,فرد,frd,Root
865,فلق,flq,Root
866,نوي,nwy,Root
867,نجم,njm,Root
868,ودع,wdE,Root
869,خضر,xDr,Root
870,قنو,qnw,Root
871,زيت,zyt,Root
872,رمن,rmn,Root
873,ينع,ynE,Root
874,خرق,xrq,Root
875,وصف,wSf,Root
876,لطف,lTf,Root
877,فاد,fAd,Root
878,زخرف,zxrf,Root
879,صغو,Sgw,Root
880,قرف,qrf,Root
881,خرص,xrS,Root
882,شرح,$rH,Root
883,ضيق,Dyq,Root
884,ذرا,prA,Root
885,زرع,zrE,Root
886,حصد,HSd,Root
887,ضان,DAn,Root
888,معز,mEz,Root
889,شمل,$ml,Root
890,ابل,Abl,Root
891,ظفر,Zfr,Root
892,شحم,$Hm,Root
893,حوي,Hwy,Root
894,لمم,lmm,Root
895,ملق,mlq,Root
896,كيل,kyl,Root
897,وزن,wzn,Root
898,قيل,qyl,Root
899,عيش,Ey$,Root
900,ذام,pAm,Root
901,دحر,dHr,Root
902,وسوس,wsws,Root
903,نصح,nSH,Root
904,دلل,dll,Root
905,طفق,Tfq,Root
906,خصف,xSf,Root
907,ريش,ry$,Root
908,بدا,bdA,Root
909,جمل,jml,Root
910,سمم,smm,Root
911,حجب,Hjb,Root
912,ستت,stt,Root
913,طلب,Tlb,Root
914,حثث,Hvv,Root
915,سوق,swq,Root
916,نكد,nkd,Root
917,نوق,nwq,Root
918,سهل,shl,Root
919,قصر,qSr,Root
920,نحت,nHt,Root
921,عتو,Etw,Root
922,رجف,rjf,Root
923,جثم,jvm,Root
924,غبر,gbr,Root
925,ضحو,DHw,Root
926,ثعب,vEb,Root
927,مدن,mdn,Root
928,لقف,lqf,Root
929,جرد,jrd,Root
930,قمل,qml,Root
931,ضفدع,DfdE,Root
932,نكث,nkv,Root
933,دمر,dmr,Root
934,تبر,tbr,Root
935,جلو,jlw,Root
936,دكك,dkk,Root
937,خرر,xrr,Root
938,لوح,lwH,Root
939,حلي,Hly,Root
940,جسد,jsd,Root
941,خور,xwr,Root
942,اسف,Asf,Root
943,جرر,jrr,Root
944,شمت,$mt,Root
945,سكت,skt,Root
946,بجس,bjs,Root
947,حوت,Hwt,Root
948,عذر,Epr,Root
949,نتق,ntq,Root
950,سلخ,slx,Root
951,لهث,lhv,Root
952,لحد,lHd,Root
953,متن,mtn,Root
954,رسو,rsw,Root
955,حفو,Hfw,Root
956,صمت,Smt,Root
957,بطش,bT$,Root
958,نزغ,nzg,Root
959,نصت,nSt,Root
960,اصل,ASl,Root
961,نفل,nfl,Root
962,وجل,wjl,Root
963,شوك,$wk,Root
964,غوث,gwv,Root
965,ردف,rdf,Root
966,عنق,Enq,Root
967,بنن,bnn,Root
968,زحف,zHf,Root
969,حوز,Hwz,Root
970,مكو,mkw,Root
971,صدي,Sdy,Root
972,ركم,rkm,Root
973,مضي,mDy,Root
974,قصو,qSw,Root
975,بطر,bTr,Root
976,نكص,nkS,Root
977,شرد,$rd,Root
978,ثخن,vxn,Root
979,سيح,syH,Root
980,رصد,rSd,Root
981,الل,All,Root
982,ذمم,pmm,Root
983,شفي,$fy,Root
984,كسد,ksd,Root
985,وطن,wTn,Root
986,رحب,rHb,Root
987,نجس,njs,Root
988,عيل,Eyl,Root
989,عطو,ETw,Root
990,ضها,DhA,Root
991,كنز,knz,Root
992,كوي,kwy,Root
993,جبه,jbh,Root
994,نسا,nsA,Root
995,وطا,wTA,Root
996,غور,gwr,Root
997,ثبط,vbT,Root
998,زهق,zhq,Root
999,لجا,ljA,Root
1000,جمح,jmH,Root
1001,لمز,lmz,Root
1002,غرم,grm,Root
1003,ضحك,DHk,Root
1004,بكي,bky,Root
1005,قبر,qbr,Root
1006,عرب,Erb,Root
1007,جدر,jdr,Root
1008,اسس,Ass,Root
1009,جرف,jrf,Root
1010,هور,hwr,Root
1011,اوه,Awh,Root
1012,ظما,ZmA,Root
1013,عصف,ESf,Root
1014,موج,mwj,Root
1015,رهق,rhq,Root
1016,شان,$An,Root
1017,عزب,Ezb,Root
1018,لفت,lft,Root
1019,بدن,bdn,Root
1020,خبت,xbt,Root
1021,رذل,rpl,Root
1022,لزم,lzm,Root
1023,زري,zry,Root
1024,بلع,blE,Root
1025,قلع,qlE,Root
1026,غيض,gyD,Root
1027,نصي,nSy,Root
1028,صيح,SyH,Root
1029,حنذ,Hnp,Root
1030,وجس,wjs,Root
1031,شيخ,$yx,Root
1032,مجد,mjd,Root
1033,روع,rwE,Root
1034,نوب,nwb,Root
1035,ذرع,prE,Root
1036,عصب,ESb,Root
1037,هرع,hrE,Root
1038,ضيف,Dyf,Root
1039,ركن,rkn,Root
1040,سري,sry,Root
1041,سجل,sjl,Root
1042,نضد,nDd,Root
1043,رهط,rhT,Root
1044,ورد,wrd,Root
1045,رفد,rfd,Root
1046,تبب,tbb,Root
1047,شقو,$qw,Root
1048,سعد,sEd,Root
1049,زفر,zfr,Root
1050,شهق,$hq,Root
1051,جذذ,jpp,Root
1052,زلف,zlf,Root
1053,ترف,trf,Root
1054,طرح,TrH,Root
1055,جبب,jbb,Root
1056,لقط,lqT,Root
1057,رتع,rtE,Root
1058,ذاب,pAb,Root
1059,قمص,qmS,Root
1060,سول,swl,Root
1061,بضع,bDE,Root
1062,درهم,drhm,Root
1063,زهد,zhd,Root
1064,غلق,glq,Root
1065,هيت,hyt,Root
1066,قدد,qdd,Root
1067,سجن,sjn,Root
1068,شغف,$gf,Root
1069,وكا,wkA,Root
1070,حوش,Hw$,Root
1071,صبو,Sbw,Root
1072,خبز,xbz,Root
1073,سمن,smn,Root
1074,عجف,Ejf,Root
1075,ضغث,Dgv,Root
1076,غيث,gyv,Root
1077,بول,bwl,Root
1078,حصحص,HSHS,Root
1079,جهز,jhz,Root
1080,رحل,rHl,Root
1081,مير,myr,Root
1082,بعر,bEr,Root
1083,حوج,Hwj,Root
1084,عير,Eyr,Root
1085,فقد,fqd,Root
1086,صوع,SwE,Root
1087,وعي,wEy,Root
1088,برح,brH,Root
1089,فتا,ftA,Root
1090,شكو,$kw,Root
1091,زجو,zjw,Root
1092,ثرب,vrb,Root
1093,فند,fnd,Root
1094,صنو,Snw,Root
1095,جدد,jdd,Root
1096,سرب,srb,Root
1097,محل,mHl,Root
1098,سيل,syl,Root
1099,زبد,zbd,Root
1100,جفا,jfA,Root
1101,مكث,mkv,Root
1102,قرع,qrE,Root
1103,محو,mHw,Root
1104,جرع,jrE,Root
1105,سوغ,swg,Root
1106,رمد,rmd,Root
1107,جزع,jzE,Root
1108,صرخ,Srx,Root
1109,فرع,frE,Root
1110,جثث,jvv,Root
1111,بور,bwr,Root
1112,حصي,HSy,Root
1113,شخص,$xS,Root
1114,هطع,hTE,Root
1115,قنع,qnE,Root
1116,زول,zwl,Root
1117,صفد,Sfd,Root
1118,سربل,srbl,Root
1119,قطر,qTr,Root
1120,امل,Aml,Root
1121,سلك,slk,Root
1122,عرج,Erj,Root
1123,شهب,$hb,Root
1124,لقح,lqH,Root
1125,صلصل,SlSl,Root
1126,حما,HmA,Root
1127,قنط,qnT,Root
1128,فضح,fDH,Root
1129,وسم,wsm,Root
1130,خفض,xfD,Root
1131,عضو,EDw,Root
1132,صدع,SdE,Root
1133,نطف,nTf,Root
1134,دفا,dfA,Root
1135,بغل,bgl,Root
1136,طرو,Trw,Root
1137,مخر,mxr,Root
1138,سقف,sqf,Root
1139,خسف,xsf,Root
1140,دخر,dxr,Root
1141,وصب,wSb,Root
1142,جار,jAr,Root
1143,دسس,dss,Root
1144,فرث,frv,Root
1145,لبن,lbn,Root
1146,حفد,Hfd,Root
1147,لمح,lmH,Root
1148,جوو,jww,Root
1149,ظعن,ZEn,Root
1150,صوف,Swf,Root
1151,وبر,wbr,Root
1152,اثث,Avv,Root
1153,عتب,Etb,Root
1154,وكد,wkd,Root
1155,غزل,gzl,Root
1156,نفد,nfd,Root
1157,عجم,Ejm,Root
1158,جوس,jws,Root
1159,نشر,n$r,Root
1160,حظر,HZr,Root
1161,كلو,klw,Root
1162,افف,Aff,Root
1163,بذر,bpr,Root
1164,زني,zny,Root
1165,قسطس,qsTs,Root
1166,مرح,mrH,Root
1167,ستر,str,Root
1168,رفت,rft,Root
1169,نغض,ngD,Root
1170,حنك,Hnk,Root
1171,وفر,wfr,Root
1172,فزز,fzz,Root
1173,صوت,Swt,Root
1174,جلب,jlb,Root
1175,حصب,HSb,Root
1176,تور,twr,Root
1177,قصف,qSf,Root
1178,دلك,dlk,Root
1179,غسق,gsq,Root
1180,هجد,hjd,Root
1181,شكل,$kl,Root
1182,نبع,nbE,Root
1183,كسف,ksf,Root
1184,رقي,rqy,Root
1185,خبو,xbw,Root
1186,تسع,tsE,Root
1187,ثبر,vbr,Root
1188,لفف,lff,Root
1189,ذقن,pqn,Root
1190,خفت,xft,Root
1191,بخع,bxE,Root
1192,جرز,jrz,Root
1193,كهف,khf,Root
1194,رقم,rqm,Root
1195,شطط,$TT,Root
1196,زور,zwr,Root
1197,فجو,fjw,Root
1198,يقظ,yqZ,Root
1199,رقد,rqd,Root
1200,وصد,wSd,Root
1201,فرر,frr,Root
1202,سردق,srdq,Root
1203,مهل,mhl,Root
1204,شوي,$wy,Root
1205,ارك,Ark,Root
1206,حفف,Hff,Root
1207,بيد,byd,Root
1208,زلق,zlq,Root
1209,هشم,h$m,Root
1210,ذرو,prw,Root
1211,غدر,gdr,Root
1212,صفف,Sff,Root
1213,شفق,$fq,Root
1214,عضد,EDd,Root
1215,وبق,wbq,Root
1216,دحض,dHD,Root
1217,حقب,Hqb,Root
1218,صخر,Sxr,Root
1219,سفن,sfn,Root
1220,قضض,qDD,Root
1221,عيب,Eyb,Root
1222,غصب,gSb,Root
1223,ردم,rdm,Root
1224,غطو,gTw,Root
1225,شعل,$El,Root
1226,شيب,$yb,Root
1227,حنن,Hnn,Root
1228,مخض,mxD,Root
1229,جذع,jpE,Root
1230,هزز,hzz,Root
1231,جني,jny,Root
1232,جثو,jvw,Root
1233,حتم,Htm,Root
1234,ضدد,Ddd,Root
1235,ازز,Azz,Root
1236,وفد,wfd,Root
1237,ادد,Add,Root
1238,هدد,hdd,Root
1239,ركز,rkz,Root
1240,ثري,vry,Root
1241,قبس,qbs,Root
1242,خلع,xlE,Root
1243,نعل,nEl,Root
1244,طوي,Twy,Root
1245,هشش,h$$,Root
1246,ارب,Arb,Root
1247,ضمم,Dmm,Root
1248,ازر,Azr,Root
1249,قذف,qpf,Root
1250,سحل,sHl,Root
1251,وني,wny,Root
1252,سمر,smr,Root
1253,لحي,lHy,Root
1254,نسف,nsf,Root
1255,زرق,zrq,Root
1256,قوع,qwE,Root
1257,صفصف,SfSf,Root
1258,امت,Amt,Root
1259,همس,hms,Root
1260,عنو,Enw,Root
1261,هضم,hDm,Root
1262,عري,Ery,Root
1263,ضنك,Dnk,Root
1264,زهر,zhr,Root
1265,صحف,SHf,Root
1266,قصم,qSm,Root
1267,ركض,rkD,Root
1268,خمد,xmd,Root
1269,دمغ,dmg,Root
1270,رتق,rtq,Root
1271,فتق,ftq,Root
1272,فجج,fjj,Root
1273,كلا,klA,Root
1274,نفح,nfH,Root
1275,خردل,xrdl,Root
1276,نطق,nTq,Root
1277,نكس,nks,Root
1278,برد,brd,Root
1279,نفش,nf$,Root
1280,فهم,fhm,Root
1281,غوص,gwS,Root
1282,نون,nwn,Root
1283,فرج,frj,Root
1284,حدب,Hdb,Root
1285,فزع,fzE,Root
1286,ذهل,phl,Root
1287,مضغ,mDg,Root
1288,طفل,Tfl,Root
1289,همد,hmd,Root
1290,بهج,bhj,Root
1291,عطف,ETf,Root
1292,مجس,mjs,Root
1293,صبب,Sbb,Root
1294,صهر,Shr,Root
1295,قمع,qmE,Root
1296,لالا,lAlA,Root
1297,ضمر,Dmr,Root
1298,عمق,Emq,Root
1299,تفث,tfv,Root
1300,عتق,Etq,Root
1301,وثن,wvn,Root
1302,سحق,sHq,Root
1303,وجب,wjb,Root
1304,عرر,Err,Root
1305,هدم,hdm,Root
1306,صمع,SmE,Root
1307,بار,bAr,Root
1308,عطل,ETl,Root
1309,عقم,Eqm,Root
1310,سطو,sTw,Root
1311,ذبب,pbb,Root
1312,سلب,slb,Root
1313,سلل,sll,Root
1314,فكه,fkh,Root
1315,دهن,dhn,Root
1316,غثو,gvw,Root
1317,وتر,wtr,Root
1318,نكب,nkb,Root
1319,لجج,ljj,Root
1320,همز,hmz,Root
1321,نسب,nsb,Root
1322,لفح,lfH,Root
1323,كلح,klH,Root
1324,عبث,Ebv,Root
1325,غضض,gDD,Root
1326,جيب,jyb,Root
1327,عور,Ewr,Root
1328,ايم,Aym,Root
1329,زجج,zjj,Root
1330,ودق,wdq,Root
1331,ذعن,pEn,Root
1332,حيف,Hyf,Root
1333,شتت,$tt,Root
1334,هبو,hbw,Root
1335,نثر,nvr,Root
1336,فلن,fln,Root
1337,رتل,rtl,Root
1338,فسر,fsr,Root
1339,رسس,rss,Root
1340,مرج,mrj,Root
1341,فرت,frt,Root
1342,ملح,mlH,Root
1343,اجج,Ajj,Root
1344,سرج,srj,Root
1345,عبا,EbA,Root
1346,خضع,xDE,Root
1347,ضير,Dyr,Root
1348,شرذم,$rpm,Root
1349,طود,Twd,Root
1350,كبكب,kbkb,Root
1351,شحن,$Hn,Root
1352,ريع,ryE,Root
1353,فره,frh,Root
1354,قلي,qly,Root
1355,هيم,hym,Root
1356,وزع,wzE,Root
1357,حطم,HTm,Root
1358,بسم,bsm,Root
1359,هدهد,hdhd,Root
1360,خبا,xbA,Root
1361,عفر,Efr,Root
1362,صرح,SrH,Root
1363,حدق,Hdq,Root
1364,حجز,Hjz,Root
1365,فوج,fwj,Root
1366,جمد,jmd,Root
1367,تقن,tqn,Root
1368,كبب,kbb,Root
1369,وكز,wkz,Root
1370,ذود,pwd,Root
1371,جذو,jpw,Root
1372,شطا,$TA,Root
1373,بقع,bqE,Root
1374,فصح,fSH,Root
1375,ردا,rdA,Root
1376,قبح,qbH,Root
1377,سرمد,srmd,Root
1378,نوا,nwA,Root
1379,عنكب,Enkb,Root
1380,خطط,xTT,Root
1381,روض,rwD,Root
1382,مسو,msw,Root
1383,صعر,SEr,Root
1384,خدد,xdd,Root
1385,سبغ,sbg,Root
1386,ختر,xtr,Root
1387,مهن,mhn,Root
1388,جفو,jfw,Root
1389,جوف,jwf,Root
1390,حنجر,Hnjr,Root
1391,عوق,Ewq,Root
1392,سلق,slq,Root
1393,نحب,nHb,Root
1394,صيص,SyS,Root
1395,وطر,wTr,Root
1396,مزق,mzq,Root
1397,سرد,srd,Root
1398,جفن,jfn,Root
1399,عرم,Erm,Root
1400,خمط,xmT,Root
1401,اثل,Avl,Root
1402,سدر,sdr,Root
1403,نوش,nw$,Root
1404,قطمر,qTmr,Root
1405,لغب,lgb,Root
1406,قمح,qmH,Root
1407,عرجن,Erjn,Root
1408,جدث,jdv,Root
1409,شغل,$gl,Root
1410,مسخ,msx,Root
1411,رمم,rmm,Root
1412,زجر,zjr,Root
1413,ثقب,vqb,Root
1414,لزب,lzb,Root
1415,كاس,kAs,Root
1416,لذذ,lpp,Root
1417,غول,gwl,Root
1418,نزف,nzf,Root
1419,زقم,zqm,Root
1420,شوب,$wb,Root
1421,سقم,sqm,Root
1422,روغ,rwg,Root
1423,زفف,zff,Root
1424,تلل,tll,Root
1425,جبن,jbn,Root
1426,ابق,Abq,Root
1427,سهم,shm,Root
1428,لقم,lqm,Root
1429,لوت,lwt,Root
1430,نوص,nwS,Root
1431,وتد,wtd,Root
1432,قطط,qTT,Root
1433,نعج,nEj,Root
1434,صفن,Sfn,Root
1435,جود,jwd,Root
1436,رخو,rxw,Root
1437,حنث,Hnv,Root
1438,قحم,qHm,Root
1439,كور,kwr,Root
1440,هيج,hyj,Root
1441,قشعر,q$Er,Root
1442,شكس,$ks,Root
1443,شمز,$mz,Root
1444,زمر,zmr,Root
1445,ازف,Azf,Root
1446,فوض,fwD,Root
1447,سلسل,slsl,Root
1448,سجر,sjr,Root
1449,دخن,dxn,Root
1450,صرصر,SrSr,Root
1451,نحس,nHs,Root
1452,قيض,qyD,Root
1453,كمم,kmm,Root
1454,افق,Afq,Root
1455,ركد,rkd,Root
1456,كوب,kwb,Root
1457,برم,brm,Root
1458,رهو,rhw,Root
1459,غلي,gly,Root
1460,عتل,Etl,Root
1461,دهر,dhr,Root
1462,حقف,Hqf,Root
1463,عيي,Eyy,Root
1464,تعس,tEs,Root
1465,اسن,Asn,Root
1466,عسل,Esl,Root
1467,معي,mEy,Root
1468,شرط,$rT,Root
1469,قفل,qfl,Root
1470,ضغن,Dgn,Root
1471,لحن,lHn,Root
1472,محن,mHn,Root
1473,نبز,nbz,Root
1474,لقب,lqb,Root
1475,جسس,jss,Root
1476,شعب,$Eb,Root
1477,ليت,lyt,Root
1478,بسق,bsq,Root
1479,لفظ,lfZ,Root
1480,حيد,Hyd,Root
1481,حبك,Hbk,Root
1482,سهو,shw,Root
1483,هجع,hjE,Root
1484,صكك,Skk,Root
1485,رقق,rqq,Root
1486,مور,mwr,Root
1487,دعع,dEE,Root
1488,الت,Alt,Root
1489,كهن,khn,Root
1490,قوب,qwb,Root
1491,قوس,qws,Root
1492,ضيز,Dyz,Root
1493,كدي,kdy,Root
1494,قني,qny,Root
1495,سمد,smd,Root
1496,همر,hmr,Root
1497,دسر,dsr,Root
1498,قعر,qEr,Root
1499,اشر,A$r,Root
1500,دهي,dhy,Root
1501,انم,Anm,Root
1502,فني,fny,Root
1503,جلل,jll,Root
1504,نفذ,nfp,Root
1505,شوظ,$wZ,Root
1506,فنن,fnn,Root
1507,طمث,Tmv,Root
1508,دهم,dhm,Root
1509,نضخ,nDx,Root
1510,خيم,xym,Root
1511,رفرف,rfrf,Root
1512,عبقر,Ebqr,Root
1513,رجج,rjj,Root
1514,بسس,bss,Root
1515,شام,$Am,Root
1516,ثلل,vll,Root
1517,وضن,wDn,Root
1518,خضد,xDd,Root
1519,طلح,TlH,Root
1520,سكب,skb,Root
1521,مزن,mzn,Root
1522,فسح,fsH,Root
1523,جلس,jls,Root
1524,وجف,wjf,Root
1525,رصص,rSS,Root
1526,خشب,x$b,Root
1527,سند,snd,Root
1528,غبن,gbn,Root
1529,ثيب,vyb,Root
1530,طبق,Tbq,Root
1531,نمم,nmm,Root
1532,زنم,znm,Root
1533,خرطم,xrTm,Root
1534,صرم,Srm,Root
1535,حرد,Hrd,Root
1536,حسم,Hsm,Root
1537,صرع,SrE,Root
1538,وهي,why,Root
1539,قطف,qTf,Root
1540,حضض,HDD,Root
1541,وتن,wtn,Root
1542,عهن,Ehn,Root
1543,هلع,hlE,Root
1544,عزو,Ezw,Root
1545,وفض,wfD,Root
1546,نسر,nsr,Root
1547,حرس,Hrs,Root
1548,هرب,hrb,Root
1549,حري,Hry,Root
1550,حطب,HTb,Root
1551,غدق,gdq,Root
1552,لبد,lbd,Root
1553,زمل,zml,Root
1554,بتل,btl,Root
1555,غصص,gSS,Root
1556,كثب,kvb,Root
1557,هيل,hyl,Root
1558,دثر,dvr,Root
1559,عبس,Ebs,Root
1560,بسر,bsr,Root
1561,قسر,qsr,Root
1562,حرك,Hrk,Root
1563,نضر,nDr,Root
1564,ترق,trq,Root
1565,مطو,mTw,Root
1566,سدي,sdy,Root
1567,مشج,m$j,Root
1568,مزج,mzj,Root
1569,قمطر,qmTr,Root
1570,زمهر,zmhr,Root
1571,كفت,kft,Root
1572,شمخ,$mx,Root
1573,وهج,whj,Root
1574,ثجج,vjj,Root
1575,دهق,dhq,Root
1576,نشط,n$T,Root
1577,نخر,nxr,Root
1578,سهر,shr,Root
1579,سمك,smk,Root
1580,غطش,gT$,Root
1581,دحو,dHw,Root
1582,طمم,Tmm,Root
1583,قضب,qDb,Root
1584,ابب,Abb,Root
1585,صخخ,Sxx,Root
1586,كدر,kdr,Root
1587,وحش,wH$,Root
1588,كشط,k$T,Root
1589,خنس,xns,Root
1590,كنس,kns,Root
1591,عسعس,EsEs,Root
1592,ضنن,Dnn,Root
1593,بعثر,bEvr,Root
1594,طفف,Tff,Root
1595,رين,ryn,Root
1596,رحق,rHq,Root
1597,سنم,snm,Root
1598,غمز,gmz,Root
1599,كدح,kdH,Root
1600,وسق,wsq,Root
1601,دفق,dfq,Root
1602,هزل,hzl,Root
1603,سطح,sTH,Root
1604,سوط,swT,Root
1605,جمم,jmm,Root
1606,كبد,kbd,Root
1607,شفه,$fh,Root
1608,نجد,njd,Root
1609,فكك,fkk,Root
1610,سغب,sgb,Root
1611,طحو,THw,Root
1612,لهم,lhm,Root
1613,دسو,dsw,Root
1614,دمدم,dmdm,Root
1615,لظي,lZy,Root
1616,سجو,sjw,Root
1617,تين,tyn,Root
1618,سفع,sfE,Root
1619,زبن,zbn,Root
1620,ضبح,DbH,Root
1621,قدح,qdH,Root
1622,نقع,nqE,Root
1623,كند,knd,Root
1624,حصل,HSl,Root
1625,فيل,fyl,Root
1626,شتو,$tw,Root
1627,صيف,Syf,Root
1628,معن,mEn,Root
1629,نحر,nHr,Root
1630,بتر,btr,Root
1631,لهب,lhb,Root
1632,جيد,jyd,Root
1633,مسد,msd,Root
1634,صمد,Smd,Root
1635,كفا,kfA,Root
1636,وقب,wqb,Root
1637,نفث,nfv,Root
1638,نعق,nEq,Root
1639,وال,wAl,Root
1640,لوذ,lwp,Root
1641,سوح,swH,Root
